cluster_label,age,monthly_income,total_assets,deposit_balance,financial_balance,fund_balance,insurance_balance,product_count,financial_repurchase_count,credit_card_monthly_expense,investment_monthly_count,app_login_count,app_financial_view_time,gender_encoded,occupation_type_encoded,marriage_status_encoded,city_level_encoded,cluster_size
0,43.68290882244371,28848.133218899962,365271.6007284361,136528.28363971948,95440.15661129568,78900.11562446166,54403.04492063492,1.5283622492924818,0.12033960871170174,7936.2157967269595,0.49083302571674664,5.148025101513474,396.87461547926665,0.5064599483204134,3.070013535129814,0.34317706410729665,0.35289774824658543,8127
1,48.01975440469835,56850.600475173516,1796947.1850560599,713518.0110998398,453065.24059263215,356526.62517351843,273837.3081473572,2.0731446876668445,0.26321409503470367,17070.831697810998,0.9807794981313401,6.247197010144154,542.9289909236519,0.5008008542445275,3.370528563801388,0.29578216764548854,0.3374265883609183,1873
