cluster_name,age,monthly_income,total_assets,financial_repurchase_count,credit_card_monthly_expense,product_count,investment_monthly_count,financial_balance,app_login_count,app_financial_view_time,cluster_size,cluster_percentage,better_cluster_name
客户群2,42.609933035714285,25028.234464285717,275372.14304129465,0.0022321428571428,6590.278258928572,1.19140625,0.1350446428571428,71974.94463727679,4.299665178571429,277.5412946428572,1792,17.919999999999998,普通客户群1
客户群3,45.95903165735568,36823.69245810056,629141.5396927374,0.0,10428.562122905028,2.6834264432029795,1.7094972067039107,161891.08688081938,5.674115456238361,431.4413407821229,1074,10.74,中产稳健客户
客户群4,45.53617269544924,25257.38770711785,294278.20169778296,0.0005834305717619,6673.952327887981,1.2117852975495915,0.1190198366394399,74838.48782963827,4.090431738623104,246.55892648774795,1714,17.14,普通客户群2
客户群5,44.93824485373781,25916.173905742147,301687.9832069339,0.0010834236186348,7080.589723726977,1.2118093174431204,0.1029252437703141,77762.51838028169,4.173347778981582,256.2513542795233,1846,18.46,普通客户群3
客户群6,49.470402525651146,55885.75558800316,1520839.9804893448,0.112075769534333,17120.754617206,1.7355958958168902,0.5461720599842147,382273.65592738753,5.415153906866614,420.0244672454617,1267,12.67,中产高资产客户
客户群8,45.485955056179776,33658.105290262174,576322.0090168539,1.1198501872659177,9619.490711610488,2.595505617977528,1.569288389513109,147588.62799625468,5.586142322097379,428.46535580524346,1068,10.68,高复购客户
年轻高消费客户,33.78688524590164,40207.24098360656,515435.6482513661,0.0502732240437158,11668.108087431694,1.4710382513661202,0.7453551912568306,148755.12081967216,11.124590163934426,1341.991256830601,915,9.15,年轻高消费客户
高资产客户,49.55864197530864,67452.33845679012,3363366.8179012346,0.2469135802469135,19473.411080246915,2.0246913580246915,0.9382716049382716,837913.9843518519,6.231481481481482,519.283950617284,324,3.24,高资产客户
